poll_id,pollster_id,pollster,question_id,sample_size,pollscore,methodology,days_taken_from_election,end_date,start_date,state,candidate_name,pct,adjusted_weight
88794,1528,AtlasIntel,213380,4180,-0.8,Online Ad,24,2024-10-17,2024-10-12,National,Kamala Harris,47.6,1.25
88794,1528,AtlasIntel,213380,4180,-0.8,Online Ad,24,2024-10-17,2024-10-12,National,Donald Trump,50.7,1.25
88794,1528,AtlasIntel,213380,4180,-0.8,Online Ad,24,2024-10-17,2024-10-12,National,Jill Stein,0.8,1.25
88794,1528,AtlasIntel,213380,4180,-0.8,Online Ad,24,2024-10-17,2024-10-12,National,Chase Oliver,0.1,1.25
88794,1528,AtlasIntel,213380,4180,-0.8,Online Ad,24,2024-10-17,2024-10-12,National,Cornel West,0.1,1.25
88794,1528,AtlasIntel,213381,4180,-0.8,Online Ad,24,2024-10-17,2024-10-12,National,Kamala Harris,48.1,1.25
88794,1528,AtlasIntel,213381,4180,-0.8,Online Ad,24,2024-10-17,2024-10-12,National,Donald Trump,50.8,1.25
88765,1102,Emerson,213123,1000,-1.1,IVR/Online Panel/Text-to-Web,22,2024-10-16,2024-10-14,National,Kamala Harris,49.5,0.9090909090909091
88765,1102,Emerson,213123,1000,-1.1,IVR/Online Panel/Text-to-Web,22,2024-10-16,2024-10-14,National,Donald Trump,49.2,0.9090909090909091
88710,568,YouGov,212851,1457,-1.1,Online Panel,24,2024-10-15,2024-10-12,National,Kamala Harris,48,0.9090909090909091
88710,568,YouGov,212851,1457,-1.1,Online Panel,24,2024-10-15,2024-10-12,National,Donald Trump,45,0.9090909090909091
88710,568,YouGov,212851,1457,-1.1,Online Panel,24,2024-10-15,2024-10-12,National,Jill Stein,1,0.9090909090909091
88710,568,YouGov,212851,1457,-1.1,Online Panel,24,2024-10-15,2024-10-12,National,Cornel West,1,0.9090909090909091
88710,568,YouGov,212852,1314,-1.1,Online Panel,24,2024-10-15,2024-10-12,National,Kamala Harris,49,0.9090909090909091
88710,568,YouGov,212852,1314,-1.1,Online Panel,24,2024-10-15,2024-10-12,National,Donald Trump,45,0.9090909090909091
88710,568,YouGov,212852,1314,-1.1,Online Panel,24,2024-10-15,2024-10-12,National,Jill Stein,1,0.9090909090909091
88710,568,YouGov,212852,1314,-1.1,Online Panel,24,2024-10-15,2024-10-12,National,Cornel West,0,0.9090909090909091
88736,1597,Beacon/Shaw,212989,1110,-1.1,Live Phone/Text-to-Web,25,2024-10-14,2024-10-11,National,Kamala Harris,48,0.9090909090909091
88736,1597,Beacon/Shaw,212989,1110,-1.1,Live Phone/Text-to-Web,25,2024-10-14,2024-10-11,National,Donald Trump,50,0.9090909090909091
88736,1597,Beacon/Shaw,212990,870,-1.1,Live Phone/Text-to-Web,25,2024-10-14,2024-10-11,National,Kamala Harris,48,0.9090909090909091
88736,1597,Beacon/Shaw,212990,870,-1.1,Live Phone/Text-to-Web,25,2024-10-14,2024-10-11,National,Donald Trump,50,0.9090909090909091
88719,149,Fairleigh Dickinson,212865,806,-0.6,Live Phone/Text-to-Web,28,2024-10-14,2024-10-08,National,Kamala Harris,50,1.6666666666666667
88719,149,Fairleigh Dickinson,212865,806,-0.6,Live Phone/Text-to-Web,28,2024-10-14,2024-10-08,National,Donald Trump,47,1.6666666666666667
88703,241,Ipsos,212604,807,-0.9,Probability Panel,25,2024-10-13,2024-10-11,National,Kamala Harris,45,1.1111111111111112
88703,241,Ipsos,212604,807,-0.9,Probability Panel,25,2024-10-13,2024-10-11,National,Donald Trump,42,1.1111111111111112
88703,241,Ipsos,212605,769,-0.9,Probability Panel,25,2024-10-13,2024-10-11,National,Kamala Harris,47,1.1111111111111112
88703,241,Ipsos,212605,769,-0.9,Probability Panel,25,2024-10-13,2024-10-11,National,Donald Trump,44,1.1111111111111112
88703,241,Ipsos,213034,938,-0.9,Probability Panel,25,2024-10-13,2024-10-11,National,Kamala Harris,41,1.1111111111111112
88703,241,Ipsos,213034,938,-0.9,Probability Panel,25,2024-10-13,2024-10-11,National,Donald Trump,37,1.1111111111111112
88670,568,YouGov,212487,2712,-1.1,Online Panel,28,2024-10-11,2024-10-08,National,Kamala Harris,51,0.9090909090909091
88670,568,YouGov,212487,2712,-1.1,Online Panel,28,2024-10-11,2024-10-08,National,Donald Trump,48,0.9090909090909091
88711,1205,Marist,212859,1401,-0.9,Online Panel/Text-to-Web,28,2024-10-10,2024-10-08,National,Kamala Harris,52,1.1111111111111112
88711,1205,Marist,212859,1401,-0.9,Online Panel/Text-to-Web,28,2024-10-10,2024-10-08,National,Donald Trump,47,1.1111111111111112
88711,1205,Marist,212860,1708,-0.9,Online Panel/Text-to-Web,28,2024-10-10,2024-10-08,National,Kamala Harris,51,1.1111111111111112
88711,1205,Marist,212860,1708,-0.9,Online Panel/Text-to-Web,28,2024-10-10,2024-10-08,National,Donald Trump,48,1.1111111111111112
88712,1075,Marquette Law School,212866,780,-1.1,Probability Panel,35,2024-10-10,2024-10-01,National,Kamala Harris,50,0.9090909090909091
88712,1075,Marquette Law School,212866,780,-1.1,Probability Panel,35,2024-10-10,2024-10-01,National,Donald Trump,50,0.9090909090909091
88712,1075,Marquette Law School,212867,780,-1.1,Probability Panel,35,2024-10-10,2024-10-01,National,Kamala Harris,43,0.9090909090909091
88712,1075,Marquette Law School,212867,780,-1.1,Probability Panel,35,2024-10-10,2024-10-01,National,Donald Trump,39,0.9090909090909091
88712,1075,Marquette Law School,212867,780,-1.1,Probability Panel,35,2024-10-10,2024-10-01,National,Robert F. Kennedy,10,0.9090909090909091
88712,1075,Marquette Law School,212867,780,-1.1,Probability Panel,35,2024-10-10,2024-10-01,National,Chase Oliver,3,0.9090909090909091
88712,1075,Marquette Law School,212867,780,-1.1,Probability Panel,35,2024-10-10,2024-10-01,National,Jill Stein,1,0.9090909090909091
88712,1075,Marquette Law School,212867,780,-1.1,Probability Panel,35,2024-10-10,2024-10-01,National,Cornel West,3,0.9090909090909091
88712,1075,Marquette Law School,212868,652,-1.1,Probability Panel,35,2024-10-10,2024-10-01,National,Kamala Harris,50,0.9090909090909091
88712,1075,Marquette Law School,212868,652,-1.1,Probability Panel,35,2024-10-10,2024-10-01,National,Donald Trump,50,0.9090909090909091
88712,1075,Marquette Law School,212869,652,-1.1,Probability Panel,35,2024-10-10,2024-10-01,National,Kamala Harris,44,0.9090909090909091
88712,1075,Marquette Law School,212869,652,-1.1,Probability Panel,35,2024-10-10,2024-10-01,National,Donald Trump,41,0.9090909090909091
88712,1075,Marquette Law School,212869,652,-1.1,Probability Panel,35,2024-10-10,2024-10-01,National,Robert F. Kennedy,9,0.9090909090909091
88712,1075,Marquette Law School,212869,652,-1.1,Probability Panel,35,2024-10-10,2024-10-01,National,Chase Oliver,2,0.9090909090909091
88712,1075,Marquette Law School,212869,652,-1.1,Probability Panel,35,2024-10-10,2024-10-01,National,Jill Stein,1,0.9090909090909091
88712,1075,Marquette Law School,212869,652,-1.1,Probability Panel,35,2024-10-10,2024-10-01,National,Cornel West,2,0.9090909090909091
88666,1292,Hart/POS,212485,1000,-0.7,Live Phone,32,2024-10-08,2024-10-04,National,Kamala Harris,46,1.4285714285714286
88666,1292,Hart/POS,212485,1000,-0.7,Live Phone,32,2024-10-08,2024-10-04,National,Donald Trump,47,1.4285714285714286
88666,1292,Hart/POS,212485,1000,-0.7,Live Phone,32,2024-10-08,2024-10-04,National,Robert F. Kennedy,2,1.4285714285714286
88666,1292,Hart/POS,212485,1000,-0.7,Live Phone,32,2024-10-08,2024-10-04,National,Cornel West,0,1.4285714285714286
88666,1292,Hart/POS,212485,1000,-0.7,Live Phone,32,2024-10-08,2024-10-04,National,Jill Stein,1,1.4285714285714286
88666,1292,Hart/POS,212485,1000,-0.7,Live Phone,32,2024-10-08,2024-10-04,National,Chase Oliver,1,1.4285714285714286
88666,1292,Hart/POS,212485,1000,-0.7,Live Phone,32,2024-10-08,2024-10-04,National,Randall A. Terry,0,1.4285714285714286
88666,1292,Hart/POS,212486,1000,-0.7,Live Phone,32,2024-10-08,2024-10-04,National,Kamala Harris,48,1.4285714285714286
88666,1292,Hart/POS,212486,1000,-0.7,Live Phone,32,2024-10-08,2024-10-04,National,Donald Trump,48,1.4285714285714286
88667,241,Ipsos,212479,2631,-0.9,Probability Panel,32,2024-10-08,2024-10-04,National,Kamala Harris,49,1.1111111111111112
88667,241,Ipsos,212479,2631,-0.9,Probability Panel,32,2024-10-08,2024-10-04,National,Donald Trump,48,1.1111111111111112
88667,241,Ipsos,212479,2631,-0.9,Probability Panel,32,2024-10-08,2024-10-04,National,Cornel West,0,1.1111111111111112
88667,241,Ipsos,212479,2631,-0.9,Probability Panel,32,2024-10-08,2024-10-04,National,Jill Stein,1,1.1111111111111112
88667,241,Ipsos,212479,2631,-0.9,Probability Panel,32,2024-10-08,2024-10-04,National,Chase Oliver,1,1.1111111111111112
88667,241,Ipsos,212480,2226,-0.9,Probability Panel,32,2024-10-08,2024-10-04,National,Kamala Harris,49,1.1111111111111112
88667,241,Ipsos,212480,2226,-0.9,Probability Panel,32,2024-10-08,2024-10-04,National,Donald Trump,47,1.1111111111111112
88667,241,Ipsos,212480,2226,-0.9,Probability Panel,32,2024-10-08,2024-10-04,National,Cornel West,0,1.1111111111111112
88667,241,Ipsos,212480,2226,-0.9,Probability Panel,32,2024-10-08,2024-10-04,National,Jill Stein,1,1.1111111111111112
88667,241,Ipsos,212480,2226,-0.9,Probability Panel,32,2024-10-08,2024-10-04,National,Chase Oliver,1,1.1111111111111112
88667,241,Ipsos,212481,1714,-0.9,Probability Panel,32,2024-10-08,2024-10-04,National,Kamala Harris,50,1.1111111111111112
88667,241,Ipsos,212481,1714,-0.9,Probability Panel,32,2024-10-08,2024-10-04,National,Donald Trump,48,1.1111111111111112
88667,241,Ipsos,212481,1714,-0.9,Probability Panel,32,2024-10-08,2024-10-04,National,Cornel West,0,1.1111111111111112
88667,241,Ipsos,212481,1714,-0.9,Probability Panel,32,2024-10-08,2024-10-04,National,Jill Stein,0,1.1111111111111112
88667,241,Ipsos,212481,1714,-0.9,Probability Panel,32,2024-10-08,2024-10-04,National,Chase Oliver,1,1.1111111111111112
88667,241,Ipsos,212482,2631,-0.9,Probability Panel,32,2024-10-08,2024-10-04,National,Kamala Harris,50,1.1111111111111112
88667,241,Ipsos,212482,2631,-0.9,Probability Panel,32,2024-10-08,2024-10-04,National,Donald Trump,49,1.1111111111111112
88667,241,Ipsos,212483,2226,-0.9,Probability Panel,32,2024-10-08,2024-10-04,National,Kamala Harris,50,1.1111111111111112
88667,241,Ipsos,212483,2226,-0.9,Probability Panel,32,2024-10-08,2024-10-04,National,Donald Trump,49,1.1111111111111112
88667,241,Ipsos,212484,1714,-0.9,Probability Panel,32,2024-10-08,2024-10-04,National,Kamala Harris,51,1.1111111111111112
88667,241,Ipsos,212484,1714,-0.9,Probability Panel,32,2024-10-08,2024-10-04,National,Donald Trump,48,1.1111111111111112
88590,568,YouGov,212126,1414,-1.1,Online Panel,30,2024-10-07,2024-10-06,National,Kamala Harris,47,0.9090909090909091
88590,568,YouGov,212126,1414,-1.1,Online Panel,30,2024-10-07,2024-10-06,National,Donald Trump,44,0.9090909090909091
88590,568,YouGov,212126,1414,-1.1,Online Panel,30,2024-10-07,2024-10-06,National,Jill Stein,1,0.9090909090909091
88590,568,YouGov,212126,1414,-1.1,Online Panel,30,2024-10-07,2024-10-06,National,Cornel West,0,0.9090909090909091
88590,568,YouGov,212127,1230,-1.1,Online Panel,30,2024-10-07,2024-10-06,National,Kamala Harris,49,0.9090909090909091
88590,568,YouGov,212127,1230,-1.1,Online Panel,30,2024-10-07,2024-10-06,National,Donald Trump,45,0.9090909090909091
88590,568,YouGov,212127,1230,-1.1,Online Panel,30,2024-10-07,2024-10-06,National,Jill Stein,1,0.9090909090909091
88590,568,YouGov,212127,1230,-1.1,Online Panel,30,2024-10-07,2024-10-06,National,Cornel West,0,0.9090909090909091
88558,241,Ipsos,211853,1272,-0.9,Probability Panel,32,2024-10-07,2024-10-04,National,Kamala Harris,42,1.1111111111111112
88558,241,Ipsos,211853,1272,-0.9,Probability Panel,32,2024-10-07,2024-10-04,National,Donald Trump,38,1.1111111111111112
88558,241,Ipsos,211854,1076,-0.9,Probability Panel,32,2024-10-07,2024-10-04,National,Kamala Harris,46,1.1111111111111112
88558,241,Ipsos,211854,1076,-0.9,Probability Panel,32,2024-10-07,2024-10-04,National,Donald Trump,43,1.1111111111111112
88558,241,Ipsos,211855,1076,-0.9,Probability Panel,32,2024-10-07,2024-10-04,National,Kamala Harris,47,1.1111111111111112
88558,241,Ipsos,211855,1076,-0.9,Probability Panel,32,2024-10-07,2024-10-04,National,Donald Trump,45,1.1111111111111112
88558,241,Ipsos,211856,1272,-0.9,Probability Panel,32,2024-10-07,2024-10-04,National,Kamala Harris,48,1.1111111111111112
88558,241,Ipsos,211856,1272,-0.9,Probability Panel,32,2024-10-07,2024-10-04,National,Donald Trump,47,1.1111111111111112
88558,241,Ipsos,211857,1076,-0.9,Probability Panel,32,2024-10-07,2024-10-04,National,Kamala Harris,50,1.1111111111111112
88558,241,Ipsos,211857,1076,-0.9,Probability Panel,32,2024-10-07,2024-10-04,National,Donald Trump,48,1.1111111111111112
88558,241,Ipsos,211858,1076,-0.9,Probability Panel,32,2024-10-07,2024-10-04,National,Kamala Harris,51,1.1111111111111112
88558,241,Ipsos,211858,1076,-0.9,Probability Panel,32,2024-10-07,2024-10-04,National,Donald Trump,49,1.1111111111111112
88634,370,Pew,212275,4025,-0.4,Probability Panel,36,2024-10-06,2024-09-30,National,Kamala Harris,48,2.5
88634,370,Pew,212275,4025,-0.4,Probability Panel,36,2024-10-06,2024-09-30,National,Donald Trump,47,2.5
88634,370,Pew,212275,4025,-0.4,Probability Panel,36,2024-10-06,2024-09-30,National,Robert F. Kennedy,2,2.5
88634,370,Pew,212275,4025,-0.4,Probability Panel,36,2024-10-06,2024-09-30,National,Chase Oliver,1,2.5
88634,370,Pew,212275,4025,-0.4,Probability Panel,36,2024-10-06,2024-09-30,National,Jill Stein,1,2.5
88634,370,Pew,212275,4025,-0.4,Probability Panel,36,2024-10-06,2024-09-30,National,Cornel West,0,2.5
88634,370,Pew,212276,4025,-0.4,Probability Panel,36,2024-10-06,2024-09-30,National,Kamala Harris,50,2.5
88634,370,Pew,212276,4025,-0.4,Probability Panel,36,2024-10-06,2024-09-30,National,Donald Trump,49,2.5
88550,1424,Siena/NYT,211846,3385,-1.5,Live Phone,37,2024-10-06,2024-09-29,National,Kamala Harris,49,0.6666666666666666
88550,1424,Siena/NYT,211846,3385,-1.5,Live Phone,37,2024-10-06,2024-09-29,National,Donald Trump,46,0.6666666666666666
88550,1424,Siena/NYT,211847,3385,-1.5,Live Phone,37,2024-10-06,2024-09-29,National,Kamala Harris,47,0.6666666666666666
88550,1424,Siena/NYT,211847,3385,-1.5,Live Phone,37,2024-10-06,2024-09-29,National,Donald Trump,44,0.6666666666666666
88550,1424,Siena/NYT,211847,3385,-1.5,Live Phone,37,2024-10-06,2024-09-29,National,Jill Stein,1,0.6666666666666666
88550,1424,Siena/NYT,211847,3385,-1.5,Live Phone,37,2024-10-06,2024-09-29,National,Chase Oliver,1,0.6666666666666666
88527,568,YouGov,211691,1150,-1.1,Online Panel,34,2024-10-04,2024-10-02,National,Kamala Harris,46,0.9090909090909091
88527,568,YouGov,211691,1150,-1.1,Online Panel,34,2024-10-04,2024-10-02,National,Donald Trump,45,0.9090909090909091
88527,568,YouGov,211691,1150,-1.1,Online Panel,34,2024-10-04,2024-10-02,National,Cornel West,1,0.9090909090909091
88527,568,YouGov,211691,1150,-1.1,Online Panel,34,2024-10-04,2024-10-02,National,Jill Stein,1,0.9090909090909091
88527,568,YouGov,211691,1150,-1.1,Online Panel,34,2024-10-04,2024-10-02,National,Chase Oliver,1,0.9090909090909091
88527,568,YouGov,211692,1032,-1.1,Online Panel,34,2024-10-04,2024-10-02,National,Kamala Harris,47,0.9090909090909091
88527,568,YouGov,211692,1032,-1.1,Online Panel,34,2024-10-04,2024-10-02,National,Donald Trump,47,0.9090909090909091
88527,568,YouGov,211692,1032,-1.1,Online Panel,34,2024-10-04,2024-10-02,National,Cornel West,1,0.9090909090909091
88527,568,YouGov,211692,1032,-1.1,Online Panel,34,2024-10-04,2024-10-02,National,Jill Stein,1,0.9090909090909091
88527,568,YouGov,211692,1032,-1.1,Online Panel,34,2024-10-04,2024-10-02,National,Chase Oliver,1,0.9090909090909091
88527,568,YouGov,211790,1151,-1.1,Online Panel,34,2024-10-04,2024-10-02,National,Kamala Harris,48,0.9090909090909091
88527,568,YouGov,211790,1151,-1.1,Online Panel,34,2024-10-04,2024-10-02,National,Donald Trump,46,0.9090909090909091
88527,568,YouGov,211791,1033,-1.1,Online Panel,34,2024-10-04,2024-10-02,National,Kamala Harris,48,0.9090909090909091
88527,568,YouGov,211791,1033,-1.1,Online Panel,34,2024-10-04,2024-10-02,National,Donald Trump,47,0.9090909090909091
88515,1515,Data for Progress,211650,1211,-1.2,Online Panel,34,2024-10-03,2024-10-02,National,Kamala Harris,49,0.8333333333333334
88515,1515,Data for Progress,211650,1211,-1.2,Online Panel,34,2024-10-03,2024-10-02,National,Donald Trump,46,0.8333333333333334
88482,568,YouGov,211401,1463,-1.1,Online Panel,37,2024-10-01,2024-09-29,National,Kamala Harris,48,0.9090909090909091
88482,568,YouGov,211401,1463,-1.1,Online Panel,37,2024-10-01,2024-09-29,National,Donald Trump,45,0.9090909090909091
88482,568,YouGov,211401,1463,-1.1,Online Panel,37,2024-10-01,2024-09-29,National,Jill Stein,1,0.9090909090909091
88482,568,YouGov,211401,1463,-1.1,Online Panel,37,2024-10-01,2024-09-29,National,Cornel West,0,0.9090909090909091
88482,568,YouGov,211402,1261,-1.1,Online Panel,37,2024-10-01,2024-09-29,National,Kamala Harris,49,0.9090909090909091
88482,568,YouGov,211402,1261,-1.1,Online Panel,37,2024-10-01,2024-09-29,National,Donald Trump,46,0.9090909090909091
88482,568,YouGov,211402,1261,-1.1,Online Panel,37,2024-10-01,2024-09-29,National,Jill Stein,1,0.9090909090909091
88482,568,YouGov,211402,1261,-1.1,Online Panel,37,2024-10-01,2024-09-29,National,Cornel West,0,0.9090909090909091
88496,1102,Emerson,211489,1000,-1.1,IVR/Online Panel/Text-to-Web,37,2024-10-01,2024-09-29,National,Kamala Harris,50.2,0.9090909090909091
88496,1102,Emerson,211489,1000,-1.1,IVR/Online Panel/Text-to-Web,37,2024-10-01,2024-09-29,National,Donald Trump,48.6,0.9090909090909091
88506,1205,Marist,211548,1294,-0.9,Live Phone/Online Panel/Text-to-Web,39,2024-10-01,2024-09-27,National,Kamala Harris,50,1.1111111111111112
88506,1205,Marist,211548,1294,-0.9,Live Phone/Online Panel/Text-to-Web,39,2024-10-01,2024-09-27,National,Donald Trump,48,1.1111111111111112
88506,1205,Marist,211549,1514,-0.9,Live Phone/Online Panel/Text-to-Web,39,2024-10-01,2024-09-27,National,Kamala Harris,50,1.1111111111111112
88506,1205,Marist,211549,1514,-0.9,Live Phone/Online Panel/Text-to-Web,39,2024-10-01,2024-09-27,National,Donald Trump,47,1.1111111111111112
88554,1700,McCourtney Institute/YouGov,211844,848,-1.1,Online Panel,43,2024-09-27,2024-09-23,National,Kamala Harris,48,0.9090909090909091
88554,1700,McCourtney Institute/YouGov,211844,848,-1.1,Online Panel,43,2024-09-27,2024-09-23,National,Donald Trump,45,0.9090909090909091
88374,1302,Echelon Insights,210847,1005,-0.8,Online Panel,43,2024-09-25,2024-09-23,National,Kamala Harris,52,1.25
88374,1302,Echelon Insights,210847,1005,-0.8,Online Panel,43,2024-09-25,2024-09-23,National,Donald Trump,45,1.25
88374,1302,Echelon Insights,210848,1005,-0.8,Online Panel,43,2024-09-25,2024-09-23,National,Kamala Harris,49,1.25
88374,1302,Echelon Insights,210848,1005,-0.8,Online Panel,43,2024-09-25,2024-09-23,National,Donald Trump,44,1.25
88374,1302,Echelon Insights,210848,1005,-0.8,Online Panel,43,2024-09-25,2024-09-23,National,Robert F. Kennedy,2,1.25
88374,1302,Echelon Insights,210848,1005,-0.8,Online Panel,43,2024-09-25,2024-09-23,National,Chase Oliver,1,1.25
88374,1302,Echelon Insights,210848,1005,-0.8,Online Panel,43,2024-09-25,2024-09-23,National,Jill Stein,0,1.25
88374,1302,Echelon Insights,210848,1005,-0.8,Online Panel,43,2024-09-25,2024-09-23,National,Cornel West,0,1.25
88351,568,YouGov,210698,1424,-1.1,Online Panel,45,2024-09-24,2024-09-21,National,Kamala Harris,47,0.9090909090909091
88351,568,YouGov,210698,1424,-1.1,Online Panel,45,2024-09-24,2024-09-21,National,Donald Trump,44,0.9090909090909091
88351,568,YouGov,210698,1424,-1.1,Online Panel,45,2024-09-24,2024-09-21,National,Jill Stein,1,0.9090909090909091
88351,568,YouGov,210698,1424,-1.1,Online Panel,45,2024-09-24,2024-09-21,National,Cornel West,0,0.9090909090909091
88351,568,YouGov,210699,1220,-1.1,Online Panel,45,2024-09-24,2024-09-21,National,Kamala Harris,49,0.9090909090909091
88351,568,YouGov,210699,1220,-1.1,Online Panel,45,2024-09-24,2024-09-21,National,Donald Trump,46,0.9090909090909091
88351,568,YouGov,210699,1220,-1.1,Online Panel,45,2024-09-24,2024-09-21,National,Jill Stein,1,0.9090909090909091
88351,568,YouGov,210699,1220,-1.1,Online Panel,45,2024-09-24,2024-09-21,National,Cornel West,0,0.9090909090909091
88358,241,Ipsos,210599,871,-0.9,Probability Panel,46,2024-09-22,2024-09-20,National,Kamala Harris,46.61,1.1111111111111112
88358,241,Ipsos,210599,871,-0.9,Probability Panel,46,2024-09-22,2024-09-20,National,Donald Trump,40.48,1.1111111111111112
88358,241,Ipsos,210600,785,-0.9,Probability Panel,46,2024-09-22,2024-09-20,National,Kamala Harris,50,1.1111111111111112
88358,241,Ipsos,210600,785,-0.9,Probability Panel,46,2024-09-22,2024-09-20,National,Donald Trump,44,1.1111111111111112
88358,241,Ipsos,210761,1029,-0.9,Probability Panel,46,2024-09-22,2024-09-20,National,Kamala Harris,42,1.1111111111111112
88358,241,Ipsos,210761,1029,-0.9,Probability Panel,46,2024-09-22,2024-09-20,National,Donald Trump,38,1.1111111111111112
88325,1866,CNN/SSRS,210545,2074,-0.6,Probability Panel,47,2024-09-22,2024-09-19,National,Kamala Harris,48,1.6666666666666667
88325,1866,CNN/SSRS,210545,2074,-0.6,Probability Panel,47,2024-09-22,2024-09-19,National,Donald Trump,47,1.6666666666666667
88325,1866,CNN/SSRS,210545,2074,-0.6,Probability Panel,47,2024-09-22,2024-09-19,National,Jill Stein,1,1.6666666666666667
88325,1866,CNN/SSRS,210545,2074,-0.6,Probability Panel,47,2024-09-22,2024-09-19,National,Chase Oliver,2,1.6666666666666667
88325,1866,CNN/SSRS,210546,2074,-0.6,Probability Panel,47,2024-09-22,2024-09-19,National,Kamala Harris,47,1.6666666666666667
88325,1866,CNN/SSRS,210546,2074,-0.6,Probability Panel,47,2024-09-22,2024-09-19,National,Donald Trump,47,1.6666666666666667
88325,1866,CNN/SSRS,210546,2074,-0.6,Probability Panel,47,2024-09-22,2024-09-19,National,Jill Stein,1,1.6666666666666667
88325,1866,CNN/SSRS,210546,2074,-0.6,Probability Panel,47,2024-09-22,2024-09-19,National,Chase Oliver,2,1.6666666666666667
88328,396,Quinnipiac,210568,1728,-0.5,Live Phone,47,2024-09-22,2024-09-19,National,Kamala Harris,47,2
88328,396,Quinnipiac,210568,1728,-0.5,Live Phone,47,2024-09-22,2024-09-19,National,Donald Trump,48,2
88328,396,Quinnipiac,210568,1728,-0.5,Live Phone,47,2024-09-22,2024-09-19,National,Jill Stein,1,2
88328,396,Quinnipiac,210568,1728,-0.5,Live Phone,47,2024-09-22,2024-09-19,National,Chase Oliver,1,2
88328,396,Quinnipiac,210569,1728,-0.5,Live Phone,47,2024-09-22,2024-09-19,National,Kamala Harris,48,2
88328,396,Quinnipiac,210569,1728,-0.5,Live Phone,47,2024-09-22,2024-09-19,National,Donald Trump,48,2
88274,568,YouGov,210307,3129,-1.1,Online Panel,48,2024-09-20,2024-09-18,National,Kamala Harris,52,0.9090909090909091
88274,568,YouGov,210307,3129,-1.1,Online Panel,48,2024-09-20,2024-09-18,National,Donald Trump,48,0.9090909090909091
88208,568,YouGov,209883,1445,-1.1,Online Panel,51,2024-09-17,2024-09-15,National,Kamala Harris,49,0.9090909090909091
88208,568,YouGov,209883,1445,-1.1,Online Panel,51,2024-09-17,2024-09-15,National,Donald Trump,45,0.9090909090909091
88208,568,YouGov,209883,1445,-1.1,Online Panel,51,2024-09-17,2024-09-15,National,Jill Stein,1,0.9090909090909091
88208,568,YouGov,209883,1445,-1.1,Online Panel,51,2024-09-17,2024-09-15,National,Cornel West,0,0.9090909090909091
88271,1292,Hart/POS,210305,1000,-0.7,Live Phone,53,2024-09-17,2024-09-13,National,Kamala Harris,49,1.4285714285714286
88271,1292,Hart/POS,210305,1000,-0.7,Live Phone,53,2024-09-17,2024-09-13,National,Donald Trump,44,1.4285714285714286
88271,1292,Hart/POS,210306,1000,-0.7,Live Phone,53,2024-09-17,2024-09-13,National,Kamala Harris,47,1.4285714285714286
88271,1292,Hart/POS,210306,1000,-0.7,Live Phone,53,2024-09-17,2024-09-13,National,Donald Trump,41,1.4285714285714286
88271,1292,Hart/POS,210306,1000,-0.7,Live Phone,53,2024-09-17,2024-09-13,National,Robert F. Kennedy,2,1.4285714285714286
88271,1292,Hart/POS,210306,1000,-0.7,Live Phone,53,2024-09-17,2024-09-13,National,Cornel West,0,1.4285714285714286
88271,1292,Hart/POS,210306,1000,-0.7,Live Phone,53,2024-09-17,2024-09-13,National,Jill Stein,2,1.4285714285714286
88271,1292,Hart/POS,210306,1000,-0.7,Live Phone,53,2024-09-17,2024-09-13,National,Chase Oliver,1,1.4285714285714286
88271,1292,Hart/POS,210306,1000,-0.7,Live Phone,53,2024-09-17,2024-09-13,National,Randall A. Terry,0,1.4285714285714286
88631,1515,Data for Progress,212252,6152,-1.2,Online Panel,54,2024-09-17,2024-09-12,National,Kamala Harris,50,0.8333333333333334
88631,1515,Data for Progress,212252,6152,-1.2,Online Panel,54,2024-09-17,2024-09-12,National,Donald Trump,45,0.8333333333333334
88223,1597,Beacon/Shaw,209979,1102,-1.1,Live Phone/Text-to-Web,53,2024-09-16,2024-09-13,National,Kamala Harris,50,0.9090909090909091
88223,1597,Beacon/Shaw,209979,1102,-1.1,Live Phone/Text-to-Web,53,2024-09-16,2024-09-13,National,Donald Trump,48,0.9090909090909091
88223,1597,Beacon/Shaw,209980,876,-1.1,Live Phone/Text-to-Web,53,2024-09-16,2024-09-13,National,Kamala Harris,50,0.9090909090909091
88223,1597,Beacon/Shaw,209980,876,-1.1,Live Phone/Text-to-Web,53,2024-09-16,2024-09-13,National,Donald Trump,48,0.9090909090909091
88228,1424,Siena/NYT,210083,2437,-1.5,Live Phone,55,2024-09-16,2024-09-11,National,Kamala Harris,47,0.6666666666666666
88228,1424,Siena/NYT,210083,2437,-1.5,Live Phone,55,2024-09-16,2024-09-11,National,Donald Trump,47,0.6666666666666666
88228,1424,Siena/NYT,210084,2437,-1.5,Live Phone,55,2024-09-16,2024-09-11,National,Kamala Harris,46,0.6666666666666666
88228,1424,Siena/NYT,210084,2437,-1.5,Live Phone,55,2024-09-16,2024-09-11,National,Donald Trump,47,0.6666666666666666
88228,1424,Siena/NYT,210085,2437,-1.5,Live Phone,55,2024-09-16,2024-09-11,National,Kamala Harris,45,0.6666666666666666
88228,1424,Siena/NYT,210085,2437,-1.5,Live Phone,55,2024-09-16,2024-09-11,National,Donald Trump,46,0.6666666666666666
88228,1424,Siena/NYT,210085,2437,-1.5,Live Phone,55,2024-09-16,2024-09-11,National,Jill Stein,2,0.6666666666666666
88228,1424,Siena/NYT,210085,2437,-1.5,Live Phone,55,2024-09-16,2024-09-11,National,Chase Oliver,2,0.6666666666666666
88228,1424,Siena/NYT,210086,2437,-1.5,Live Phone,55,2024-09-16,2024-09-11,National,Kamala Harris,46,0.6666666666666666
88228,1424,Siena/NYT,210086,2437,-1.5,Live Phone,55,2024-09-16,2024-09-11,National,Donald Trump,46,0.6666666666666666
88228,1424,Siena/NYT,210086,2437,-1.5,Live Phone,55,2024-09-16,2024-09-11,National,Jill Stein,2,0.6666666666666666
88228,1424,Siena/NYT,210086,2437,-1.5,Live Phone,55,2024-09-16,2024-09-11,National,Chase Oliver,2,0.6666666666666666
88168,1515,Data for Progress,209350,1283,-1.2,Online Panel,54,2024-09-13,2024-09-12,National,Kamala Harris,50,0.8333333333333334
88168,1515,Data for Progress,209350,1283,-1.2,Online Panel,54,2024-09-13,2024-09-12,National,Donald Trump,46,0.8333333333333334
88170,568,YouGov,209373,1177,-1.1,Online Panel,55,2024-09-13,2024-09-11,National,Kamala Harris,50,0.9090909090909091
88170,568,YouGov,209373,1177,-1.1,Online Panel,55,2024-09-13,2024-09-11,National,Donald Trump,45,0.9090909090909091
88170,568,YouGov,209374,1090,-1.1,Online Panel,55,2024-09-13,2024-09-11,National,Kamala Harris,50,0.9090909090909091
88170,568,YouGov,209374,1090,-1.1,Online Panel,55,2024-09-13,2024-09-11,National,Donald Trump,46,0.9090909090909091
88170,568,YouGov,209429,1175,-1.1,Online Panel,55,2024-09-13,2024-09-11,National,Kamala Harris,48,0.9090909090909091
88170,568,YouGov,209429,1175,-1.1,Online Panel,55,2024-09-13,2024-09-11,National,Donald Trump,44,0.9090909090909091
88170,568,YouGov,209429,1175,-1.1,Online Panel,55,2024-09-13,2024-09-11,National,Cornel West,1,0.9090909090909091
88170,568,YouGov,209429,1175,-1.1,Online Panel,55,2024-09-13,2024-09-11,National,Jill Stein,1,0.9090909090909091
88170,568,YouGov,209429,1175,-1.1,Online Panel,55,2024-09-13,2024-09-11,National,Chase Oliver,1,0.9090909090909091
88170,568,YouGov,209430,1090,-1.1,Online Panel,55,2024-09-13,2024-09-11,National,Kamala Harris,49,0.9090909090909091
88170,568,YouGov,209430,1090,-1.1,Online Panel,55,2024-09-13,2024-09-11,National,Donald Trump,45,0.9090909090909091
88170,568,YouGov,209430,1090,-1.1,Online Panel,55,2024-09-13,2024-09-11,National,Cornel West,1,0.9090909090909091
88170,568,YouGov,209430,1090,-1.1,Online Panel,55,2024-09-13,2024-09-11,National,Jill Stein,1,0.9090909090909091
88170,568,YouGov,209430,1090,-1.1,Online Panel,55,2024-09-13,2024-09-11,National,Chase Oliver,1,0.9090909090909091
88177,241,Ipsos,209515,3276,-0.9,Probability Panel,55,2024-09-13,2024-09-11,National,Kamala Harris,51,1.1111111111111112
88177,241,Ipsos,209515,3276,-0.9,Probability Panel,55,2024-09-13,2024-09-11,National,Donald Trump,46,1.1111111111111112
88177,241,Ipsos,209516,2772,-0.9,Probability Panel,55,2024-09-13,2024-09-11,National,Kamala Harris,51,1.1111111111111112
88177,241,Ipsos,209516,2772,-0.9,Probability Panel,55,2024-09-13,2024-09-11,National,Donald Trump,47,1.1111111111111112
88177,241,Ipsos,209517,2196,-0.9,Probability Panel,55,2024-09-13,2024-09-11,National,Kamala Harris,52,1.1111111111111112
88177,241,Ipsos,209517,2196,-0.9,Probability Panel,55,2024-09-13,2024-09-11,National,Donald Trump,46,1.1111111111111112
88177,241,Ipsos,209518,3276,-0.9,Probability Panel,55,2024-09-13,2024-09-11,National,Kamala Harris,51,1.1111111111111112
88177,241,Ipsos,209518,3276,-0.9,Probability Panel,55,2024-09-13,2024-09-11,National,Donald Trump,45,1.1111111111111112
88177,241,Ipsos,209518,3276,-0.9,Probability Panel,55,2024-09-13,2024-09-11,National,Cornel West,1,1.1111111111111112
88177,241,Ipsos,209518,3276,-0.9,Probability Panel,55,2024-09-13,2024-09-11,National,Jill Stein,1,1.1111111111111112
88177,241,Ipsos,209518,3276,-0.9,Probability Panel,55,2024-09-13,2024-09-11,National,Chase Oliver,1,1.1111111111111112
88177,241,Ipsos,209519,2772,-0.9,Probability Panel,55,2024-09-13,2024-09-11,National,Kamala Harris,50,1.1111111111111112
88177,241,Ipsos,209519,2772,-0.9,Probability Panel,55,2024-09-13,2024-09-11,National,Donald Trump,46,1.1111111111111112
88177,241,Ipsos,209519,2772,-0.9,Probability Panel,55,2024-09-13,2024-09-11,National,Cornel West,1,1.1111111111111112
88177,241,Ipsos,209519,2772,-0.9,Probability Panel,55,2024-09-13,2024-09-11,National,Jill Stein,1,1.1111111111111112
88177,241,Ipsos,209519,2772,-0.9,Probability Panel,55,2024-09-13,2024-09-11,National,Chase Oliver,1,1.1111111111111112
88177,241,Ipsos,209520,2196,-0.9,Probability Panel,55,2024-09-13,2024-09-11,National,Kamala Harris,51,1.1111111111111112
88177,241,Ipsos,209520,2196,-0.9,Probability Panel,55,2024-09-13,2024-09-11,National,Donald Trump,46,1.1111111111111112
88177,241,Ipsos,209520,2196,-0.9,Probability Panel,55,2024-09-13,2024-09-11,National,Cornel West,1,1.1111111111111112
88177,241,Ipsos,209520,2196,-0.9,Probability Panel,55,2024-09-13,2024-09-11,National,Jill Stein,1,1.1111111111111112
88177,241,Ipsos,209520,2196,-0.9,Probability Panel,55,2024-09-13,2024-09-11,National,Chase Oliver,0,1.1111111111111112
88144,241,Ipsos,209239,1405,-0.9,Probability Panel,55,2024-09-12,2024-09-11,National,Kamala Harris,47,1.1111111111111112
88144,241,Ipsos,209239,1405,-0.9,Probability Panel,55,2024-09-12,2024-09-11,National,Donald Trump,42,1.1111111111111112
88144,241,Ipsos,209263,1690,-0.9,Probability Panel,55,2024-09-12,2024-09-11,National,Kamala Harris,43,1.1111111111111112
88144,241,Ipsos,209263,1690,-0.9,Probability Panel,55,2024-09-12,2024-09-11,National,Donald Trump,39,1.1111111111111112
88174,1528,AtlasIntel,209426,1775,-0.8,NA,55,2024-09-12,2024-09-11,National,Kamala Harris,48,1.25
88174,1528,AtlasIntel,209426,1775,-0.8,NA,55,2024-09-12,2024-09-11,National,Donald Trump,50.9,1.25
88174,1528,AtlasIntel,209427,1775,-0.8,NA,55,2024-09-12,2024-09-11,National,Kamala Harris,47.3,1.25
88174,1528,AtlasIntel,209427,1775,-0.8,NA,55,2024-09-12,2024-09-11,National,Donald Trump,50.9,1.25
88174,1528,AtlasIntel,209427,1775,-0.8,NA,55,2024-09-12,2024-09-11,National,Jill Stein,0.4,1.25
88174,1528,AtlasIntel,209427,1775,-0.8,NA,55,2024-09-12,2024-09-11,National,Cornel West,0.2,1.25
88174,1528,AtlasIntel,209427,1775,-0.8,NA,55,2024-09-12,2024-09-11,National,Chase Oliver,0.1,1.25
88130,568,YouGov,209155,1464,-1.1,Online Panel,58,2024-09-10,2024-09-08,National,Kamala Harris,45,0.9090909090909091
88130,568,YouGov,209155,1464,-1.1,Online Panel,58,2024-09-10,2024-09-08,National,Donald Trump,45,0.9090909090909091
88130,568,YouGov,209155,1464,-1.1,Online Panel,58,2024-09-10,2024-09-08,National,Jill Stein,1,0.9090909090909091
88130,568,YouGov,209155,1464,-1.1,Online Panel,58,2024-09-10,2024-09-08,National,Cornel West,1,0.9090909090909091
88073,1424,Siena/NYT,207968,1695,-1.5,Live Phone,63,2024-09-06,2024-09-03,National,Kamala Harris,47,0.6666666666666666
88073,1424,Siena/NYT,207968,1695,-1.5,Live Phone,63,2024-09-06,2024-09-03,National,Donald Trump,48,0.6666666666666666
88073,1424,Siena/NYT,207969,1695,-1.5,Live Phone,63,2024-09-06,2024-09-03,National,Kamala Harris,45,0.6666666666666666
88073,1424,Siena/NYT,207969,1695,-1.5,Live Phone,63,2024-09-06,2024-09-03,National,Donald Trump,47,0.6666666666666666
88073,1424,Siena/NYT,207969,1695,-1.5,Live Phone,63,2024-09-06,2024-09-03,National,Jill Stein,1,0.6666666666666666
88073,1424,Siena/NYT,207969,1695,-1.5,Live Phone,63,2024-09-06,2024-09-03,National,Chase Oliver,2,0.6666666666666666
88073,1424,Siena/NYT,207970,1695,-1.5,Live Phone,63,2024-09-06,2024-09-03,National,Kamala Harris,46,0.6666666666666666
88073,1424,Siena/NYT,207970,1695,-1.5,Live Phone,63,2024-09-06,2024-09-03,National,Donald Trump,48,0.6666666666666666
88073,1424,Siena/NYT,207971,1695,-1.5,Live Phone,63,2024-09-06,2024-09-03,National,Kamala Harris,44,0.6666666666666666
88073,1424,Siena/NYT,207971,1695,-1.5,Live Phone,63,2024-09-06,2024-09-03,National,Donald Trump,46,0.6666666666666666
88073,1424,Siena/NYT,207971,1695,-1.5,Live Phone,63,2024-09-06,2024-09-03,National,Jill Stein,2,0.6666666666666666
88073,1424,Siena/NYT,207971,1695,-1.5,Live Phone,63,2024-09-06,2024-09-03,National,Chase Oliver,2,0.6666666666666666
88103,1205,Marist,208346,1413,-0.9,Live Phone/Online Panel/Text,63,2024-09-05,2024-09-03,National,Kamala Harris,49,1.1111111111111112
88103,1205,Marist,208346,1413,-0.9,Live Phone/Online Panel/Text,63,2024-09-05,2024-09-03,National,Donald Trump,48,1.1111111111111112
88035,1102,Emerson,207867,1000,-1.1,IVR/Online Panel/Text-to-Web,63,2024-09-04,2024-09-03,National,Kamala Harris,51.3,0.9090909090909091
88035,1102,Emerson,207867,1000,-1.1,IVR/Online Panel/Text-to-Web,63,2024-09-04,2024-09-03,National,Donald Trump,47.6,0.9090909090909091
88123,800,Kaiser Family Foundation,208945,1084,-0.3,Live Phone/Probability Panel,71,2024-09-04,2024-08-26,National,Kamala Harris,48,3.3333333333333335
88123,800,Kaiser Family Foundation,208945,1084,-0.3,Live Phone/Probability Panel,71,2024-09-04,2024-08-26,National,Donald Trump,47,3.3333333333333335
88021,568,YouGov,207698,1389,-1.1,Online Panel,65,2024-09-03,2024-09-01,National,Kamala Harris,47,0.9090909090909091
88021,568,YouGov,207698,1389,-1.1,Online Panel,65,2024-09-03,2024-09-01,National,Donald Trump,45,0.9090909090909091
88021,568,YouGov,207698,1389,-1.1,Online Panel,65,2024-09-03,2024-09-01,National,Jill Stein,1,0.9090909090909091
88021,568,YouGov,207698,1389,-1.1,Online Panel,65,2024-09-03,2024-09-01,National,Cornel West,0,0.9090909090909091
88079,370,Pew,208240,8044,-0.4,Probability Panel,71,2024-09-02,2024-08-26,National,Kamala Harris,49,2.5
88079,370,Pew,208240,8044,-0.4,Probability Panel,71,2024-09-02,2024-08-26,National,Donald Trump,49,2.5
87945,458,Suffolk,207330,1000,-1,Live Phone,72,2024-08-28,2024-08-25,National,Kamala Harris,47.6,1
87945,458,Suffolk,207330,1000,-1,Live Phone,72,2024-08-28,2024-08-25,National,Donald Trump,43.3,1
87945,458,Suffolk,207330,1000,-1,Live Phone,72,2024-08-28,2024-08-25,National,Cornel West,1.5,1
87945,458,Suffolk,207330,1000,-1,Live Phone,72,2024-08-28,2024-08-25,National,Jill Stein,1.2,1
87945,458,Suffolk,207330,1000,-1,Live Phone,72,2024-08-28,2024-08-25,National,Chase Oliver,0.7,1
87946,241,Ipsos,207331,3562,-0.9,Probability Panel,76,2024-08-28,2024-08-21,National,Kamala Harris,44,1.1111111111111112
87946,241,Ipsos,207331,3562,-0.9,Probability Panel,76,2024-08-28,2024-08-21,National,Donald Trump,40,1.1111111111111112
87946,241,Ipsos,207331,3562,-0.9,Probability Panel,76,2024-08-28,2024-08-21,National,Robert F. Kennedy,6,1.1111111111111112
87946,241,Ipsos,207331,3562,-0.9,Probability Panel,76,2024-08-28,2024-08-21,National,Chase Oliver,1,1.1111111111111112
87946,241,Ipsos,207331,3562,-0.9,Probability Panel,76,2024-08-28,2024-08-21,National,Jill Stein,1,1.1111111111111112
87946,241,Ipsos,207331,3562,-0.9,Probability Panel,76,2024-08-28,2024-08-21,National,Cornel West,0,1.1111111111111112
87946,241,Ipsos,207532,4253,-0.9,Probability Panel,76,2024-08-28,2024-08-21,National,Kamala Harris,41,1.1111111111111112
87946,241,Ipsos,207532,4253,-0.9,Probability Panel,76,2024-08-28,2024-08-21,National,Donald Trump,38,1.1111111111111112
87946,241,Ipsos,207533,3562,-0.9,Probability Panel,76,2024-08-28,2024-08-21,National,Kamala Harris,45,1.1111111111111112
87946,241,Ipsos,207533,3562,-0.9,Probability Panel,76,2024-08-28,2024-08-21,National,Donald Trump,41,1.1111111111111112
87946,241,Ipsos,207534,4253,-0.9,Probability Panel,76,2024-08-28,2024-08-21,National,Kamala Harris,40,1.1111111111111112
87946,241,Ipsos,207534,4253,-0.9,Probability Panel,76,2024-08-28,2024-08-21,National,Donald Trump,36,1.1111111111111112
87946,241,Ipsos,207534,4253,-0.9,Probability Panel,76,2024-08-28,2024-08-21,National,Chase Oliver,1,1.1111111111111112
87946,241,Ipsos,207534,4253,-0.9,Probability Panel,76,2024-08-28,2024-08-21,National,Jill Stein,1,1.1111111111111112
87946,241,Ipsos,207534,4253,-0.9,Probability Panel,76,2024-08-28,2024-08-21,National,Robert F. Kennedy,6,1.1111111111111112
87946,241,Ipsos,207534,4253,-0.9,Probability Panel,76,2024-08-28,2024-08-21,National,Cornel West,1,1.1111111111111112
87920,568,YouGov,207186,1368,-1.1,Online Panel,72,2024-08-27,2024-08-25,National,Kamala Harris,47,0.9090909090909091
87920,568,YouGov,207186,1368,-1.1,Online Panel,72,2024-08-27,2024-08-25,National,Donald Trump,45,0.9090909090909091
87920,568,YouGov,207186,1368,-1.1,Online Panel,72,2024-08-27,2024-08-25,National,Jill Stein,1,0.9090909090909091
87920,568,YouGov,207186,1368,-1.1,Online Panel,72,2024-08-27,2024-08-25,National,Cornel West,0,0.9090909090909091
87949,396,Quinnipiac,207360,1611,-0.5,Live Phone,74,2024-08-27,2024-08-23,National,Kamala Harris,49,2
87949,396,Quinnipiac,207360,1611,-0.5,Live Phone,74,2024-08-27,2024-08-23,National,Donald Trump,47,2
87949,396,Quinnipiac,207360,1611,-0.5,Live Phone,74,2024-08-27,2024-08-23,National,Jill Stein,1,2
87949,396,Quinnipiac,207360,1611,-0.5,Live Phone,74,2024-08-27,2024-08-23,National,Chase Oliver,1,2
87949,396,Quinnipiac,207361,1611,-0.5,Live Phone,74,2024-08-27,2024-08-23,National,Kamala Harris,49,2
87949,396,Quinnipiac,207361,1611,-0.5,Live Phone,74,2024-08-27,2024-08-23,National,Donald Trump,48,2
87999,241,Ipsos,207598,2496,-0.9,Probability Panel,74,2024-08-27,2024-08-23,National,Kamala Harris,50,1.1111111111111112
87999,241,Ipsos,207598,2496,-0.9,Probability Panel,74,2024-08-27,2024-08-23,National,Donald Trump,46,1.1111111111111112
87999,241,Ipsos,207599,NA,-0.9,Probability Panel,74,2024-08-27,2024-08-23,National,Kamala Harris,50,1.1111111111111112
87999,241,Ipsos,207599,NA,-0.9,Probability Panel,74,2024-08-27,2024-08-23,National,Donald Trump,46,1.1111111111111112
87999,241,Ipsos,207600,NA,-0.9,Probability Panel,74,2024-08-27,2024-08-23,National,Kamala Harris,52,1.1111111111111112
87999,241,Ipsos,207600,NA,-0.9,Probability Panel,74,2024-08-27,2024-08-23,National,Donald Trump,46,1.1111111111111112
87999,241,Ipsos,207601,2496,-0.9,Probability Panel,74,2024-08-27,2024-08-23,National,Kamala Harris,49,1.1111111111111112
87999,241,Ipsos,207601,2496,-0.9,Probability Panel,74,2024-08-27,2024-08-23,National,Donald Trump,45,1.1111111111111112
87999,241,Ipsos,207601,2496,-0.9,Probability Panel,74,2024-08-27,2024-08-23,National,Cornel West,2,1.1111111111111112
87999,241,Ipsos,207601,2496,-0.9,Probability Panel,74,2024-08-27,2024-08-23,National,Jill Stein,1,1.1111111111111112
87999,241,Ipsos,207601,2496,-0.9,Probability Panel,74,2024-08-27,2024-08-23,National,Chase Oliver,1,1.1111111111111112
87999,241,Ipsos,207602,NA,-0.9,Probability Panel,74,2024-08-27,2024-08-23,National,Kamala Harris,50,1.1111111111111112
87999,241,Ipsos,207602,NA,-0.9,Probability Panel,74,2024-08-27,2024-08-23,National,Donald Trump,45,1.1111111111111112
87999,241,Ipsos,207602,NA,-0.9,Probability Panel,74,2024-08-27,2024-08-23,National,Cornel West,1,1.1111111111111112
87999,241,Ipsos,207602,NA,-0.9,Probability Panel,74,2024-08-27,2024-08-23,National,Jill Stein,1,1.1111111111111112
87999,241,Ipsos,207602,NA,-0.9,Probability Panel,74,2024-08-27,2024-08-23,National,Chase Oliver,1,1.1111111111111112
87918,568,YouGov,207080,1194,-1.1,Online Panel,75,2024-08-26,2024-08-22,National,Kamala Harris,46,0.9090909090909091
87918,568,YouGov,207080,1194,-1.1,Online Panel,75,2024-08-26,2024-08-22,National,Donald Trump,45,0.9090909090909091
87918,568,YouGov,207080,1194,-1.1,Online Panel,75,2024-08-26,2024-08-22,National,Cornel West,1,0.9090909090909091
87918,568,YouGov,207080,1194,-1.1,Online Panel,75,2024-08-26,2024-08-22,National,Jill Stein,1,0.9090909090909091
87918,568,YouGov,207080,1194,-1.1,Online Panel,75,2024-08-26,2024-08-22,National,Chase Oliver,1,0.9090909090909091
87918,568,YouGov,207081,1197,-1.1,Online Panel,75,2024-08-26,2024-08-22,National,Kamala Harris,47,0.9090909090909091
87918,568,YouGov,207081,1197,-1.1,Online Panel,75,2024-08-26,2024-08-22,National,Donald Trump,46,0.9090909090909091
87918,568,YouGov,207082,1788,-1.1,Online Panel,75,2024-08-26,2024-08-22,National,Kamala Harris,39,0.9090909090909091
87918,568,YouGov,207082,1788,-1.1,Online Panel,75,2024-08-26,2024-08-22,National,Donald Trump,36,0.9090909090909091
87918,568,YouGov,207082,1788,-1.1,Online Panel,75,2024-08-26,2024-08-22,National,Robert F. Kennedy,7,0.9090909090909091
87918,568,YouGov,207082,1788,-1.1,Online Panel,75,2024-08-26,2024-08-22,National,Cornel West,1,0.9090909090909091
87918,568,YouGov,207082,1788,-1.1,Online Panel,75,2024-08-26,2024-08-22,National,Jill Stein,1,0.9090909090909091
87918,568,YouGov,207082,1788,-1.1,Online Panel,75,2024-08-26,2024-08-22,National,Chase Oliver,1,0.9090909090909091
87918,568,YouGov,207083,1200,-1.1,Online Panel,75,2024-08-26,2024-08-22,National,Kamala Harris,44,0.9090909090909091
87918,568,YouGov,207083,1200,-1.1,Online Panel,75,2024-08-26,2024-08-22,National,Donald Trump,42,0.9090909090909091
87918,568,YouGov,207083,1200,-1.1,Online Panel,75,2024-08-26,2024-08-22,National,Robert F. Kennedy,6,0.9090909090909091
87918,568,YouGov,207083,1200,-1.1,Online Panel,75,2024-08-26,2024-08-22,National,Cornel West,0,0.9090909090909091
87918,568,YouGov,207083,1200,-1.1,Online Panel,75,2024-08-26,2024-08-22,National,Jill Stein,1,0.9090909090909091
87918,568,YouGov,207083,1200,-1.1,Online Panel,75,2024-08-26,2024-08-22,National,Chase Oliver,1,0.9090909090909091
87899,1302,Echelon Insights,206912,1031,-0.8,Online Panel,74,2024-08-25,2024-08-23,National,Kamala Harris,48,1.25
87899,1302,Echelon Insights,206912,1031,-0.8,Online Panel,74,2024-08-25,2024-08-23,National,Donald Trump,49,1.25
87899,1302,Echelon Insights,206913,1031,-0.8,Online Panel,74,2024-08-25,2024-08-23,National,Kamala Harris,47,1.25
87899,1302,Echelon Insights,206913,1031,-0.8,Online Panel,74,2024-08-25,2024-08-23,National,Donald Trump,45,1.25
87899,1302,Echelon Insights,206913,1031,-0.8,Online Panel,74,2024-08-25,2024-08-23,National,Robert F. Kennedy,4,1.25
87899,1302,Echelon Insights,206913,1031,-0.8,Online Panel,74,2024-08-25,2024-08-23,National,Jill Stein,1,1.25
87899,1302,Echelon Insights,206913,1031,-0.8,Online Panel,74,2024-08-25,2024-08-23,National,Chase Oliver,1,1.25
87899,1302,Echelon Insights,206913,1031,-0.8,Online Panel,74,2024-08-25,2024-08-23,National,Cornel West,0,1.25
87899,1302,Echelon Insights,206914,1031,-0.8,Online Panel,74,2024-08-25,2024-08-23,National,Kamala Harris,48,1.25
87899,1302,Echelon Insights,206914,1031,-0.8,Online Panel,74,2024-08-25,2024-08-23,National,Donald Trump,48,1.25
87899,1302,Echelon Insights,206914,1031,-0.8,Online Panel,74,2024-08-25,2024-08-23,National,Jill Stein,1,1.25
87899,1302,Echelon Insights,206914,1031,-0.8,Online Panel,74,2024-08-25,2024-08-23,National,Cornel West,1,1.25
87899,1302,Echelon Insights,206914,1031,-0.8,Online Panel,74,2024-08-25,2024-08-23,National,Chase Oliver,1,1.25
87899,1302,Echelon Insights,206915,1031,-0.8,Online Panel,74,2024-08-25,2024-08-23,National,Joe Biden,46,1.25
87899,1302,Echelon Insights,206915,1031,-0.8,Online Panel,74,2024-08-25,2024-08-23,National,Donald Trump,50,1.25
88324,568,YouGov,210533,1835,-1.1,Online Panel,82,2024-08-22,2024-08-15,National,Kamala Harris,44,0.9090909090909091
88324,568,YouGov,210533,1835,-1.1,Online Panel,82,2024-08-22,2024-08-15,National,Donald Trump,40,0.9090909090909091
87853,568,YouGov,206527,1371,-1.1,Online Panel,80,2024-08-20,2024-08-17,National,Kamala Harris,46,0.9090909090909091
87853,568,YouGov,206527,1371,-1.1,Online Panel,80,2024-08-20,2024-08-17,National,Donald Trump,43,0.9090909090909091
87853,568,YouGov,206527,1371,-1.1,Online Panel,80,2024-08-20,2024-08-17,National,Robert F. Kennedy,3,0.9090909090909091
87853,568,YouGov,206527,1371,-1.1,Online Panel,80,2024-08-20,2024-08-17,National,Cornel West,0,0.9090909090909091
87853,568,YouGov,206527,1371,-1.1,Online Panel,80,2024-08-20,2024-08-17,National,Jill Stein,0,0.9090909090909091
87886,149,Fairleigh Dickinson,206737,801,-0.6,Live Phone/Text-to-Web,80,2024-08-20,2024-08-17,National,Kamala Harris,50,1.6666666666666667
87886,149,Fairleigh Dickinson,206737,801,-0.6,Live Phone/Text-to-Web,80,2024-08-20,2024-08-17,National,Donald Trump,43,1.6666666666666667
87810,568,YouGov,206219,3253,-1.1,Online Panel,83,2024-08-16,2024-08-14,National,Kamala Harris,51,0.9090909090909091
87810,568,YouGov,206219,3253,-1.1,Online Panel,83,2024-08-16,2024-08-14,National,Donald Trump,48,0.9090909090909091
87810,568,YouGov,206220,3253,-1.1,Online Panel,83,2024-08-16,2024-08-14,National,Kamala Harris,49,0.9090909090909091
87810,568,YouGov,206220,3253,-1.1,Online Panel,83,2024-08-16,2024-08-14,National,Donald Trump,47,0.9090909090909091
87810,568,YouGov,206220,3253,-1.1,Online Panel,83,2024-08-16,2024-08-14,National,Robert F. Kennedy,2,0.9090909090909091
87810,568,YouGov,206220,3253,-1.1,Online Panel,83,2024-08-16,2024-08-14,National,Cornel West,0,0.9090909090909091
87810,568,YouGov,206220,3253,-1.1,Online Panel,83,2024-08-16,2024-08-14,National,Jill Stein,1,0.9090909090909091
87810,568,YouGov,206220,3253,-1.1,Online Panel,83,2024-08-16,2024-08-14,National,Chase Oliver,0,0.9090909090909091
87871,1515,Data for Progress,206684,6067,-1.2,NA,96,2024-08-15,2024-08-01,National,Kamala Harris,49,0.8333333333333334
87871,1515,Data for Progress,206684,6067,-1.2,NA,96,2024-08-15,2024-08-01,National,Donald Trump,46,0.8333333333333334
87871,1515,Data for Progress,206685,6067,-1.2,NA,96,2024-08-15,2024-08-01,National,Kamala Harris,47,0.8333333333333334
87871,1515,Data for Progress,206685,6067,-1.2,NA,96,2024-08-15,2024-08-01,National,Donald Trump,43,0.8333333333333334
87871,1515,Data for Progress,206685,6067,-1.2,NA,96,2024-08-15,2024-08-01,National,Robert F. Kennedy,5,0.8333333333333334
87871,1515,Data for Progress,206685,6067,-1.2,NA,96,2024-08-15,2024-08-01,National,Cornel West,1,0.8333333333333334
87871,1515,Data for Progress,206685,6067,-1.2,NA,96,2024-08-15,2024-08-01,National,Jill Stein,0,0.8333333333333334
87781,1102,Emerson,206012,1000,-1.1,IVR/Online Panel/Text-to-Web,85,2024-08-14,2024-08-12,National,Kamala Harris,52.3,0.9090909090909091
87781,1102,Emerson,206012,1000,-1.1,IVR/Online Panel/Text-to-Web,85,2024-08-14,2024-08-12,National,Donald Trump,47.7,0.9090909090909091
87781,1102,Emerson,206013,1000,-1.1,IVR/Online Panel/Text-to-Web,85,2024-08-14,2024-08-12,National,Kamala Harris,48.3,0.9090909090909091
87781,1102,Emerson,206013,1000,-1.1,IVR/Online Panel/Text-to-Web,85,2024-08-14,2024-08-12,National,Donald Trump,43.5,0.9090909090909091
87781,1102,Emerson,206013,1000,-1.1,IVR/Online Panel/Text-to-Web,85,2024-08-14,2024-08-12,National,Robert F. Kennedy,4,0.9090909090909091
87781,1102,Emerson,206013,1000,-1.1,IVR/Online Panel/Text-to-Web,85,2024-08-14,2024-08-12,National,Cornel West,0.3,0.9090909090909091
87781,1102,Emerson,206013,1000,-1.1,IVR/Online Panel/Text-to-Web,85,2024-08-14,2024-08-12,National,Jill Stein,0.5,0.9090909090909091
87781,1102,Emerson,206013,1000,-1.1,IVR/Online Panel/Text-to-Web,85,2024-08-14,2024-08-12,National,Chase Oliver,0.2,0.9090909090909091
87760,568,YouGov,205810,1407,-1.1,Online Panel,86,2024-08-13,2024-08-11,National,Kamala Harris,46,0.9090909090909091
87760,568,YouGov,205810,1407,-1.1,Online Panel,86,2024-08-13,2024-08-11,National,Donald Trump,44,0.9090909090909091
87760,568,YouGov,205810,1407,-1.1,Online Panel,86,2024-08-13,2024-08-11,National,Robert F. Kennedy,3,0.9090909090909091
87760,568,YouGov,205810,1407,-1.1,Online Panel,86,2024-08-13,2024-08-11,National,Cornel West,0,0.9090909090909091
87760,568,YouGov,205810,1407,-1.1,Online Panel,86,2024-08-13,2024-08-11,National,Jill Stein,1,0.9090909090909091
87794,241,Ipsos,206221,2336,-0.9,Probability Panel,88,2024-08-13,2024-08-09,National,Kamala Harris,50,1.1111111111111112
87794,241,Ipsos,206221,2336,-0.9,Probability Panel,88,2024-08-13,2024-08-09,National,Donald Trump,45,1.1111111111111112
87794,241,Ipsos,206222,1975,-0.9,Probability Panel,88,2024-08-13,2024-08-09,National,Kamala Harris,49,1.1111111111111112
87794,241,Ipsos,206222,1975,-0.9,Probability Panel,88,2024-08-13,2024-08-09,National,Donald Trump,45,1.1111111111111112
87794,241,Ipsos,206223,1505,-0.9,Probability Panel,88,2024-08-13,2024-08-09,National,Kamala Harris,51,1.1111111111111112
87794,241,Ipsos,206223,1505,-0.9,Probability Panel,88,2024-08-13,2024-08-09,National,Donald Trump,45,1.1111111111111112
87794,241,Ipsos,206224,2336,-0.9,Probability Panel,88,2024-08-13,2024-08-09,National,Kamala Harris,47,1.1111111111111112
87794,241,Ipsos,206224,2336,-0.9,Probability Panel,88,2024-08-13,2024-08-09,National,Donald Trump,44,1.1111111111111112
87794,241,Ipsos,206224,2336,-0.9,Probability Panel,88,2024-08-13,2024-08-09,National,Robert F. Kennedy,5,1.1111111111111112
87794,241,Ipsos,206224,2336,-0.9,Probability Panel,88,2024-08-13,2024-08-09,National,Cornel West,1,1.1111111111111112
87794,241,Ipsos,206224,2336,-0.9,Probability Panel,88,2024-08-13,2024-08-09,National,Jill Stein,1,1.1111111111111112
87794,241,Ipsos,206254,1975,-0.9,Probability Panel,88,2024-08-13,2024-08-09,National,Kamala Harris,47,1.1111111111111112
87794,241,Ipsos,206254,1975,-0.9,Probability Panel,88,2024-08-13,2024-08-09,National,Donald Trump,44,1.1111111111111112
87794,241,Ipsos,206254,1975,-0.9,Probability Panel,88,2024-08-13,2024-08-09,National,Robert F. Kennedy,5,1.1111111111111112
87794,241,Ipsos,206254,1975,-0.9,Probability Panel,88,2024-08-13,2024-08-09,National,Cornel West,1,1.1111111111111112
87794,241,Ipsos,206254,1975,-0.9,Probability Panel,88,2024-08-13,2024-08-09,National,Jill Stein,1,1.1111111111111112
87780,1597,Beacon/Shaw,205944,1105,-1.1,Live Phone,88,2024-08-12,2024-08-09,National,Kamala Harris,45,0.9090909090909091
87780,1597,Beacon/Shaw,205944,1105,-1.1,Live Phone,88,2024-08-12,2024-08-09,National,Donald Trump,45,0.9090909090909091
87780,1597,Beacon/Shaw,205944,1105,-1.1,Live Phone,88,2024-08-12,2024-08-09,National,Robert F. Kennedy,6,0.9090909090909091
87780,1597,Beacon/Shaw,205944,1105,-1.1,Live Phone,88,2024-08-12,2024-08-09,National,Cornel West,1,0.9090909090909091
87780,1597,Beacon/Shaw,205944,1105,-1.1,Live Phone,88,2024-08-12,2024-08-09,National,Jill Stein,1,0.9090909090909091
87780,1597,Beacon/Shaw,205944,1105,-1.1,Live Phone,88,2024-08-12,2024-08-09,National,Chase Oliver,1,0.9090909090909091
87780,1597,Beacon/Shaw,205945,1105,-1.1,Live Phone,88,2024-08-12,2024-08-09,National,Kamala Harris,49,0.9090909090909091
87780,1597,Beacon/Shaw,205945,1105,-1.1,Live Phone,88,2024-08-12,2024-08-09,National,Donald Trump,50,0.9090909090909091
87778,370,Pew,205903,7569,-0.4,Probability Panel,92,2024-08-11,2024-08-05,National,Kamala Harris,46,2.5
87778,370,Pew,205903,7569,-0.4,Probability Panel,92,2024-08-11,2024-08-05,National,Donald Trump,45,2.5
87778,370,Pew,205903,7569,-0.4,Probability Panel,92,2024-08-11,2024-08-05,National,Robert F. Kennedy,7,2.5
87709,241,Ipsos,205592,1342,-0.9,Probability Panel,95,2024-08-07,2024-08-02,National,Kamala Harris,42,1.1111111111111112
87709,241,Ipsos,205592,1342,-0.9,Probability Panel,95,2024-08-07,2024-08-02,National,Donald Trump,37,1.1111111111111112
87709,241,Ipsos,205592,1342,-0.9,Probability Panel,95,2024-08-07,2024-08-02,National,Robert F. Kennedy,4,1.1111111111111112
87709,241,Ipsos,205593,1342,-0.9,Probability Panel,95,2024-08-07,2024-08-02,National,Kamala Harris,49,1.1111111111111112
87709,241,Ipsos,205593,1342,-0.9,Probability Panel,95,2024-08-07,2024-08-02,National,Donald Trump,47,1.1111111111111112
87696,568,YouGov,205407,1413,-1.1,Online Panel,93,2024-08-06,2024-08-04,National,Kamala Harris,45,0.9090909090909091
87696,568,YouGov,205407,1413,-1.1,Online Panel,93,2024-08-06,2024-08-04,National,Donald Trump,43,0.9090909090909091
87696,568,YouGov,205407,1413,-1.1,Online Panel,93,2024-08-06,2024-08-04,National,Robert F. Kennedy,2,0.9090909090909091
87696,568,YouGov,205407,1413,-1.1,Online Panel,93,2024-08-06,2024-08-04,National,Cornel West,0,0.9090909090909091
87696,568,YouGov,205407,1413,-1.1,Online Panel,93,2024-08-06,2024-08-04,National,Jill Stein,1,0.9090909090909091
87677,460,SurveyUSA,205228,1510,-1.3,Online Panel,95,2024-08-05,2024-08-02,National,Kamala Harris,48,0.7692307692307692
87677,460,SurveyUSA,205228,1510,-1.3,Online Panel,95,2024-08-05,2024-08-02,National,Donald Trump,45,0.7692307692307692
87679,1205,Marist,205296,1513,-0.9,Live Phone/Online Panel/Text-to-Web,96,2024-08-04,2024-08-01,National,Kamala Harris,51,1.1111111111111112
87679,1205,Marist,205296,1513,-0.9,Live Phone/Online Panel/Text-to-Web,96,2024-08-04,2024-08-01,National,Donald Trump,48,1.1111111111111112
87679,1205,Marist,205297,1513,-0.9,Live Phone/Online Panel/Text-to-Web,96,2024-08-04,2024-08-01,National,Kamala Harris,48,1.1111111111111112
87679,1205,Marist,205297,1513,-0.9,Live Phone/Online Panel/Text-to-Web,96,2024-08-04,2024-08-01,National,Donald Trump,45,1.1111111111111112
87679,1205,Marist,205297,1513,-0.9,Live Phone/Online Panel/Text-to-Web,96,2024-08-04,2024-08-01,National,Robert F. Kennedy,5,1.1111111111111112
87679,1205,Marist,205297,1513,-0.9,Live Phone/Online Panel/Text-to-Web,96,2024-08-04,2024-08-01,National,Cornel West,0,1.1111111111111112
87679,1205,Marist,205297,1513,-0.9,Live Phone/Online Panel/Text-to-Web,96,2024-08-04,2024-08-01,National,Jill Stein,1,1.1111111111111112
87679,1205,Marist,205297,1513,-0.9,Live Phone/Online Panel/Text-to-Web,96,2024-08-04,2024-08-01,National,Chase Oliver,0,1.1111111111111112
87701,1292,Hart/POS,205460,1001,-0.7,Live Phone,97,2024-08-04,2024-07-31,National,Kamala Harris,46,1.4285714285714286
87701,1292,Hart/POS,205460,1001,-0.7,Live Phone,97,2024-08-04,2024-07-31,National,Donald Trump,48,1.4285714285714286
87663,568,YouGov,205200,3092,-1.1,Online Panel,98,2024-08-02,2024-07-30,National,Kamala Harris,50,0.9090909090909091
87663,568,YouGov,205200,3092,-1.1,Online Panel,98,2024-08-02,2024-07-30,National,Donald Trump,49,0.9090909090909091
87663,568,YouGov,205201,3092,-1.1,Online Panel,98,2024-08-02,2024-07-30,National,Kamala Harris,49,0.9090909090909091
87663,568,YouGov,205201,3092,-1.1,Online Panel,98,2024-08-02,2024-07-30,National,Donald Trump,47,0.9090909090909091
87663,568,YouGov,205201,3092,-1.1,Online Panel,98,2024-08-02,2024-07-30,National,Robert F. Kennedy,2,0.9090909090909091
87663,568,YouGov,205201,3092,-1.1,Online Panel,98,2024-08-02,2024-07-30,National,Cornel West,0,0.9090909090909091
87663,568,YouGov,205201,3092,-1.1,Online Panel,98,2024-08-02,2024-07-30,National,Jill Stein,0,0.9090909090909091
87663,568,YouGov,205201,3092,-1.1,Online Panel,98,2024-08-02,2024-07-30,National,Chase Oliver,0,0.9090909090909091
87699,1075,Marquette Law School,205433,879,-1.1,Probability Panel,104,2024-08-01,2024-07-24,National,Kamala Harris,52,0.9090909090909091
87699,1075,Marquette Law School,205433,879,-1.1,Probability Panel,104,2024-08-01,2024-07-24,National,Donald Trump,48,0.9090909090909091
87699,1075,Marquette Law School,205434,683,-1.1,Probability Panel,104,2024-08-01,2024-07-24,National,Kamala Harris,53,0.9090909090909091
87699,1075,Marquette Law School,205434,683,-1.1,Probability Panel,104,2024-08-01,2024-07-24,National,Donald Trump,47,0.9090909090909091
87699,1075,Marquette Law School,205435,879,-1.1,Probability Panel,104,2024-08-01,2024-07-24,National,Kamala Harris,47,0.9090909090909091
87699,1075,Marquette Law School,205435,879,-1.1,Probability Panel,104,2024-08-01,2024-07-24,National,Donald Trump,41,0.9090909090909091
87699,1075,Marquette Law School,205435,879,-1.1,Probability Panel,104,2024-08-01,2024-07-24,National,Robert F. Kennedy,9,0.9090909090909091
87699,1075,Marquette Law School,205435,879,-1.1,Probability Panel,104,2024-08-01,2024-07-24,National,Chase Oliver,1,0.9090909090909091
87699,1075,Marquette Law School,205435,879,-1.1,Probability Panel,104,2024-08-01,2024-07-24,National,Jill Stein,2,0.9090909090909091
87699,1075,Marquette Law School,205435,879,-1.1,Probability Panel,104,2024-08-01,2024-07-24,National,Cornel West,1,0.9090909090909091
87699,1075,Marquette Law School,205436,683,-1.1,Probability Panel,104,2024-08-01,2024-07-24,National,Kamala Harris,50,0.9090909090909091
87699,1075,Marquette Law School,205436,683,-1.1,Probability Panel,104,2024-08-01,2024-07-24,National,Donald Trump,42,0.9090909090909091
87699,1075,Marquette Law School,205436,683,-1.1,Probability Panel,104,2024-08-01,2024-07-24,National,Robert F. Kennedy,6,0.9090909090909091
87699,1075,Marquette Law School,205436,683,-1.1,Probability Panel,104,2024-08-01,2024-07-24,National,Chase Oliver,1,0.9090909090909091
87699,1075,Marquette Law School,205436,683,-1.1,Probability Panel,104,2024-08-01,2024-07-24,National,Jill Stein,1,0.9090909090909091
87699,1075,Marquette Law School,205436,683,-1.1,Probability Panel,104,2024-08-01,2024-07-24,National,Cornel West,0,0.9090909090909091
87628,568,YouGov,204845,1434,-1.1,Online Panel,101,2024-07-30,2024-07-27,National,Kamala Harris,46,0.9090909090909091
87628,568,YouGov,204845,1434,-1.1,Online Panel,101,2024-07-30,2024-07-27,National,Donald Trump,44,0.9090909090909091
87628,568,YouGov,204845,1434,-1.1,Online Panel,101,2024-07-30,2024-07-27,National,Robert F. Kennedy,3,0.9090909090909091
87628,568,YouGov,204845,1434,-1.1,Online Panel,101,2024-07-30,2024-07-27,National,Cornel West,0,0.9090909090909091
87628,568,YouGov,204845,1434,-1.1,Online Panel,101,2024-07-30,2024-07-27,National,Jill Stein,0,0.9090909090909091
87630,241,Ipsos,204846,876,-0.9,Probability Panel,102,2024-07-28,2024-07-26,National,Kamala Harris,43,1.1111111111111112
87630,241,Ipsos,204846,876,-0.9,Probability Panel,102,2024-07-28,2024-07-26,National,Donald Trump,42,1.1111111111111112
87614,241,Ipsos,204763,1238,-0.9,Probability Panel,104,2024-07-25,2024-07-24,National,Kamala Harris,38,1.1111111111111112
87614,241,Ipsos,204763,1238,-0.9,Probability Panel,104,2024-07-25,2024-07-24,National,Donald Trump,38,1.1111111111111112
87614,241,Ipsos,204763,1238,-0.9,Probability Panel,104,2024-07-25,2024-07-24,National,Robert F. Kennedy,4,1.1111111111111112
87590,1528,AtlasIntel,204552,1980,-0.8,Online Ad,105,2024-07-25,2024-07-23,National,Kamala Harris,48,1.25
87590,1528,AtlasIntel,204552,1980,-0.8,Online Ad,105,2024-07-25,2024-07-23,National,Donald Trump,50.1,1.25
87590,1528,AtlasIntel,204553,1980,-0.8,Online Ad,105,2024-07-25,2024-07-23,National,Kamala Harris,46.1,1.25
87590,1528,AtlasIntel,204553,1980,-0.8,Online Ad,105,2024-07-25,2024-07-23,National,Donald Trump,47.7,1.25
87590,1528,AtlasIntel,204553,1980,-0.8,Online Ad,105,2024-07-25,2024-07-23,National,Robert F. Kennedy,4.5,1.25
87590,1528,AtlasIntel,204553,1980,-0.8,Online Ad,105,2024-07-25,2024-07-23,National,Cornel West,0.2,1.25
87557,1424,Siena/NYT,204203,1142,-1.5,Live Phone,106,2024-07-24,2024-07-22,National,Kamala Harris,46,0.6666666666666666
87557,1424,Siena/NYT,204203,1142,-1.5,Live Phone,106,2024-07-24,2024-07-22,National,Donald Trump,48,0.6666666666666666
87557,1424,Siena/NYT,204204,1142,-1.5,Live Phone,106,2024-07-24,2024-07-22,National,Kamala Harris,47,0.6666666666666666
87557,1424,Siena/NYT,204204,1142,-1.5,Live Phone,106,2024-07-24,2024-07-22,National,Donald Trump,48,0.6666666666666666
87557,1424,Siena/NYT,204205,1142,-1.5,Live Phone,106,2024-07-24,2024-07-22,National,Kamala Harris,42,0.6666666666666666
87557,1424,Siena/NYT,204205,1142,-1.5,Live Phone,106,2024-07-24,2024-07-22,National,Donald Trump,42,0.6666666666666666
87557,1424,Siena/NYT,204205,1142,-1.5,Live Phone,106,2024-07-24,2024-07-22,National,Robert F. Kennedy,6,0.6666666666666666
87557,1424,Siena/NYT,204205,1142,-1.5,Live Phone,106,2024-07-24,2024-07-22,National,Jill Stein,0,0.6666666666666666
87557,1424,Siena/NYT,204205,1142,-1.5,Live Phone,106,2024-07-24,2024-07-22,National,Cornel West,0,0.6666666666666666
87557,1424,Siena/NYT,204205,1142,-1.5,Live Phone,106,2024-07-24,2024-07-22,National,Chase Oliver,0,0.6666666666666666
87557,1424,Siena/NYT,204206,1142,-1.5,Live Phone,106,2024-07-24,2024-07-22,National,Kamala Harris,44,0.6666666666666666
87557,1424,Siena/NYT,204206,1142,-1.5,Live Phone,106,2024-07-24,2024-07-22,National,Donald Trump,43,0.6666666666666666
87557,1424,Siena/NYT,204206,1142,-1.5,Live Phone,106,2024-07-24,2024-07-22,National,Robert F. Kennedy,5,0.6666666666666666
87557,1424,Siena/NYT,204206,1142,-1.5,Live Phone,106,2024-07-24,2024-07-22,National,Jill Stein,0,0.6666666666666666
87557,1424,Siena/NYT,204206,1142,-1.5,Live Phone,106,2024-07-24,2024-07-22,National,Cornel West,0,0.6666666666666666
87557,1424,Siena/NYT,204206,1142,-1.5,Live Phone,106,2024-07-24,2024-07-22,National,Chase Oliver,0,0.6666666666666666
87530,241,Ipsos,203948,1241,-0.9,Probability Panel,106,2024-07-23,2024-07-22,National,Kamala Harris,39,1.1111111111111112
87530,241,Ipsos,203948,1241,-0.9,Probability Panel,106,2024-07-23,2024-07-22,National,Donald Trump,39,1.1111111111111112
87530,241,Ipsos,203949,1018,-0.9,Probability Panel,106,2024-07-23,2024-07-22,National,Kamala Harris,44,1.1111111111111112
87530,241,Ipsos,203949,1018,-0.9,Probability Panel,106,2024-07-23,2024-07-22,National,Donald Trump,42,1.1111111111111112
87530,241,Ipsos,203950,1241,-0.9,Probability Panel,106,2024-07-23,2024-07-22,National,Kamala Harris,37,1.1111111111111112
87530,241,Ipsos,203950,1241,-0.9,Probability Panel,106,2024-07-23,2024-07-22,National,Donald Trump,34,1.1111111111111112
87530,241,Ipsos,203950,1241,-0.9,Probability Panel,106,2024-07-23,2024-07-22,National,Robert F. Kennedy,10,1.1111111111111112
87530,241,Ipsos,203951,1018,-0.9,Probability Panel,106,2024-07-23,2024-07-22,National,Kamala Harris,42,1.1111111111111112
87530,241,Ipsos,203951,1018,-0.9,Probability Panel,106,2024-07-23,2024-07-22,National,Donald Trump,38,1.1111111111111112
87530,241,Ipsos,203951,1018,-0.9,Probability Panel,106,2024-07-23,2024-07-22,National,Robert F. Kennedy,8,1.1111111111111112
87555,568,YouGov,204188,1155,-1.1,Online Panel,106,2024-07-23,2024-07-22,National,Kamala Harris,44,0.9090909090909091
87555,568,YouGov,204188,1155,-1.1,Online Panel,106,2024-07-23,2024-07-22,National,Donald Trump,46,0.9090909090909091
87555,568,YouGov,204188,1155,-1.1,Online Panel,106,2024-07-23,2024-07-22,National,Robert F. Kennedy,4,0.9090909090909091
87555,568,YouGov,204188,1155,-1.1,Online Panel,106,2024-07-23,2024-07-22,National,Jill Stein,1,0.9090909090909091
87555,568,YouGov,204188,1155,-1.1,Online Panel,106,2024-07-23,2024-07-22,National,Cornel West,0,0.9090909090909091
87536,568,YouGov,204062,1435,-1.1,Online Panel,107,2024-07-23,2024-07-21,National,Kamala Harris,41,0.9090909090909091
87536,568,YouGov,204062,1435,-1.1,Online Panel,107,2024-07-23,2024-07-21,National,Donald Trump,44,0.9090909090909091
87536,568,YouGov,204062,1435,-1.1,Online Panel,107,2024-07-23,2024-07-21,National,Robert F. Kennedy,5,0.9090909090909091
87536,568,YouGov,204062,1435,-1.1,Online Panel,107,2024-07-23,2024-07-21,National,Cornel West,1,0.9090909090909091
87536,568,YouGov,204062,1435,-1.1,Online Panel,107,2024-07-23,2024-07-21,National,Jill Stein,1,0.9090909090909091
87531,1205,Marist,203979,1117,-0.9,Online Panel,106,2024-07-22,2024-07-22,National,Kamala Harris,45,1.1111111111111112
87531,1205,Marist,203979,1117,-0.9,Online Panel,106,2024-07-22,2024-07-22,National,Donald Trump,46,1.1111111111111112
87531,1205,Marist,203980,1117,-0.9,Online Panel,106,2024-07-22,2024-07-22,National,Kamala Harris,42,1.1111111111111112
87531,1205,Marist,203980,1117,-0.9,Online Panel,106,2024-07-22,2024-07-22,National,Donald Trump,42,1.1111111111111112
87531,1205,Marist,203980,1117,-0.9,Online Panel,106,2024-07-22,2024-07-22,National,Robert F. Kennedy,7,1.1111111111111112
87531,1205,Marist,203980,1117,-0.9,Online Panel,106,2024-07-22,2024-07-22,National,Cornel West,1,1.1111111111111112
87531,1205,Marist,203980,1117,-0.9,Online Panel,106,2024-07-22,2024-07-22,National,Jill Stein,1,1.1111111111111112
87531,1205,Marist,203980,1117,-0.9,Online Panel,106,2024-07-22,2024-07-22,National,Chase Oliver,0,1.1111111111111112
